Datetime,Open,High,Low,Close
2023-06-01 00:00:00+00:00,74579.11499999999,74639.095,74578.66500000001,74610.39499999999
2023-06-01 00:30:00+00:00,74611.055,74611.055,74511.34,74541.51000000001
2023-06-01 01:00:00+00:00,74542.555,74739.32,74542.555,74681.39
2023-06-01 01:30:00+00:00,74681.41,74689.675,74546.86,74656.32
2023-06-01 02:00:00+00:00,74656.32500000001,74686.54000000001,74581.735,74621.38500000001
2023-06-01 02:30:00+00:00,74621.6,74684.445,74621.6,74666.05
2023-06-01 03:00:00+00:00,74667.135,74674.735,74632.70000000001,74668.76999999999
2023-06-01 03:30:00+00:00,74669.28,74682.22,74643.215,74669.48
2023-06-01 04:00:00+00:00,74670.13,74697.15,74654.82999999999,74681.725
2023-06-01 04:30:00+00:00,74682.06,74695.02,74656.5,74672.03
2023-06-01 05:00:00+00:00,74671.195,74687.35,74650.2,74657.48000000001
2023-06-01 05:30:00+00:00,74658.815,74667.455,74622.64499999999,74632.45
2023-06-01 06:00:00+00:00,74634.905,74664.36499999999,74570.03,74605.26000000001
2023-06-01 06:30:00+00:00,74603.95999999999,74627.89000000001,74530.29000000001,74583.07
2023-06-01 07:00:00+00:00,74576.67,74786.235,74527.695,74783.36499999999
2023-06-01 07:30:00+00:00,74785.04500000001,74857.215,74752.18,74830.475
2023-06-01 08:00:00+00:00,74828.13500000001,74918.095,74780.13500000001,74915.04999999999
2023-06-01 08:30:00+00:00,74913.535,74977.04,74903.765,74926.99
2023-06-01 09:00:00+00:00,74926.89,74930.285,74823.39499999999,74865.555
2023-06-01 09:30:00+00:00,74856.385,74866.47,74763.15,74830.995
2023-06-01 10:00:00+00:00,74832.565,74833.1,74762.79000000001,74792.855
2023-06-01 10:30:00+00:00,74792.315,74832.57,74721.72,74752.1
2023-06-01 11:00:00+00:00,74746.07,74774.99,74676.15,74676.38
2023-06-01 11:30:00+00:00,74679.07,74736.95,74669.6,74734.28
2023-06-01 12:00:00+00:00,74733.88,74826.86,74721.52,74808.89
2023-06-01 12:30:00+00:00,74800.61,74852.1,74601.12,74601.17
2023-06-01 13:00:00+00:00,74598.49,74661.89,74551.72,74602.13
2023-06-01 13:30:00+00:00,74594.27,74682.16,74439.7,74454.04
2023-06-01 14:00:00+00:00,74459.1,74759.07,74451.84,74717.84
2023-06-01 14:30:00+00:00,74723.0,74973.045,74692.97,74958.02
2023-06-01 15:00:00+00:00,74964.1,74993.54500000001,74896.545,74988.345
2023-06-01 15:30:00+00:00,74983.38,75007.985,74901.01,74984.07
2023-06-01 16:00:00+00:00,74986.98,75008.03,74943.545,74991.98
2023-06-01 16:30:00+00:00,74991.04,75023.045,74961.09,75016.92
2023-06-01 17:00:00+00:00,75019.04,75037.97,74988.725,75016.77
2023-06-01 17:30:00+00:00,75011.56,75056.89,74993.85,75048.935
2023-06-01 18:00:00+00:00,75051.98,75067.1,75028.99,75052.04
2023-06-01 18:30:00+00:00,75044.22,75077.1,75019.56,75067.01
2023-06-01 19:00:00+00:00,75068.18,75082.99,75024.89,75034.86
2023-06-01 19:30:00+00:00,75032.48,75047.48,74964.03,74966.025
2023-06-01 20:00:00+00:00,74962.45,75054.08,74951.765,75036.2
2023-06-01 22:00:00+00:00,75058.66500000001,75074.465,75042.58499999999,75046.985
2023-06-01 22:30:00+00:00,75047.135,75065.45999999999,75038.015,75065.45999999999
2023-06-01 23:00:00+00:00,75062.72,75062.72,75034.0,75042.92
2023-06-01 23:30:00+00:00,75045.13500000001,75051.75,75016.075,75025.045
2023-06-02 00:00:00+00:00,75026.545,75049.945,74987.065,75031.76999999999
2023-06-02 00:30:00+00:00,75032.755,75034.305,75001.225,75011.83499999999
2023-06-02 01:00:00+00:00,75010.745,75029.745,75001.83,75017.03
2023-06-02 01:30:00+00:00,75017.455,75036.65,74996.78,75031.625
2023-06-02 02:00:00+00:00,75031.6,75055.12,75011.41500000001,75049.845
2023-06-02 02:30:00+00:00,75049.32,75057.075,75039.255,75052.155
2023-06-02 03:00:00+00:00,75051.58499999999,75073.09,75042.395,75072.255
2023-06-02 03:30:00+00:00,75073.62,75135.08,75073.62,75127.235
2023-06-02 04:00:00+00:00,75126.16,75141.63,75112.0,75137.39499999999
2023-06-02 04:30:00+00:00,75136.98999999999,75152.655,75131.54000000001,75142.5
2023-06-02 05:00:00+00:00,75142.535,75182.5,75142.005,75175.475
2023-06-02 05:30:00+00:00,75176.04000000001,75212.99,75175.4,75200.26999999999
2023-06-02 06:00:00+00:00,75201.60999999999,75282.99,75177.73000000001,75272.86499999999
2023-06-02 06:30:00+00:00,75274.13,75328.45000000001,75253.225,75267.01
2023-06-02 07:00:00+00:00,75259.89,75333.09,75165.87,75228.02
2023-06-02 07:30:00+00:00,75229.15,75404.13,75182.88,75402.07
2023-06-02 08:00:00+00:00,75403.95,75446.98,75358.91,75364.04500000001
2023-06-02 08:30:00+00:00,75366.515,75510.86,75354.905,75495.86
2023-06-02 09:00:00+00:00,75494.41500000001,75699.70999999999,75456.06,75635.105
2023-06-02 09:30:00+00:00,75635.73000000001,75660.115,75541.22,75575.78
2023-06-02 10:00:00+00:00,75573.16500000001,75657.445,75545.675,75650.4
2023-06-02 10:30:00+00:00,75651.43,75665.655,75604.51000000001,75620.06
2023-06-02 11:00:00+00:00,75619.36,75620.475,75554.54000000001,75598.015
2023-06-02 11:30:00+00:00,75601.77,75640.345,75575.015,75591.625
2023-06-02 12:00:00+00:00,75589.945,75621.135,75495.055,75506.495
2023-06-02 12:30:00+00:00,75502.685,75758.89,75460.68,75723.035
2023-06-02 13:00:00+00:00,75726.74,75793.19,75712.525,75737.66500000001
2023-06-02 13:30:00+00:00,75736.0,75902.99,75732.605,75833.655
2023-06-02 14:00:00+00:00,75836.02,76008.86499999999,75779.13,75944.53
2023-06-02 14:30:00+00:00,75942.0,76014.805,75900.125,75995.715
2023-06-02 15:00:00+00:00,75993.66,76148.045,75990.51999999999,76132.94
2023-06-02 15:30:00+00:00,76127.89499999999,76133.18,75953.875,76048.83
2023-06-02 16:00:00+00:00,76049.955,76121.17499999999,76038.905,76101.365
2023-06-02 16:30:00+00:00,76102.61499999999,76204.145,76083.995,76201.33499999999
2023-06-02 17:00:00+00:00,76202.7,76228.16500000001,76157.985,76199.035
2023-06-02 17:30:00+00:00,76196.51999999999,76229.19,76169.175,76224.175
2023-06-02 18:00:00+00:00,76224.955,76236.385,76176.645,76226.57
2023-06-02 18:30:00+00:00,76228.09,76266.68,76224.235,76259.495
2023-06-02 19:00:00+00:00,76261.755,76294.53,76243.995,76249.45999999999
2023-06-02 19:30:00+00:00,76251.765,76294.54999999999,76184.805,76189.655
2023-06-02 20:00:00+00:00,76198.445,76198.445,76198.445,76198.445
2023-06-05 00:00:00+00:00,76243.13,76263.255,76160.01500000001,76239.875
2023-06-05 00:30:00+00:00,76240.42499999999,76273.205,76219.64,76249.88
2023-06-05 01:00:00+00:00,76250.4,76272.865,76184.88500000001,76194.8
2023-06-05 01:30:00+00:00,76193.935,76235.995,76132.64,76210.32500000001
2023-06-05 02:00:00+00:00,76209.295,76229.16,76184.95000000001,76227.735
2023-06-05 02:30:00+00:00,76224.75,76260.025,76221.19,76250.645
2023-06-05 03:00:00+00:00,76250.09,76288.03,76240.41500000001,76280.29999999999
2023-06-05 03:30:00+00:00,76280.42499999999,76298.48,76233.88,76235.8
2023-06-05 04:00:00+00:00,76235.14,76249.18,76208.445,76208.57
2023-06-05 04:30:00+00:00,76209.39,76236.35,76190.08,76221.145
2023-06-05 05:00:00+00:00,76220.01000000001,76225.94,76173.15,76193.73000000001
2023-06-05 05:30:00+00:00,76191.175,76251.535,76183.735,76241.17
2023-06-05 06:00:00+00:00,76239.89,76376.805,76223.55,76358.70000000001
2023-06-05 06:30:00+00:00,76357.435,76470.68,76345.87,76453.86499999999
2023-06-05 07:00:00+00:00,76468.345,76496.01000000001,76258.685,76420.505
2023-06-05 07:30:00+00:00,76418.64,76552.01,76372.925,76409.275
2023-06-05 08:00:00+00:00,76412.175,76499.11,76376.81,76434.49
2023-06-05 08:30:00+00:00,76435.65,76522.8,76426.72,76496.74
2023-06-05 09:00:00+00:00,76499.27,76516.98,76413.045,76437.985
2023-06-05 09:30:00+00:00,76437.29999999999,76489.495,76404.97,76442.625
2023-06-05 10:00:00+00:00,76442.22,76478.155,76427.78,76452.75
2023-06-05 10:30:00+00:00,76450.38,76497.99,76440.12,76467.985
2023-06-05 11:00:00+00:00,76469.305,76497.99,76451.7,76476.95
2023-06-05 11:30:00+00:00,76471.22,76481.92,76421.33,76452.91
2023-06-05 12:00:00+00:00,76453.58,76495.16500000001,76433.685,76471.98
2023-06-05 12:30:00+00:00,76467.03,76487.99,76433.74,76449.7
2023-06-05 13:00:00+00:00,76444.79,76472.99,76425.04,76446.95
2023-06-05 13:30:00+00:00,76442.89,76482.99,76272.245,76272.245
2023-06-05 14:00:00+00:00,76263.54000000001,76324.07,75928.23999999999,75984.45
2023-06-05 14:30:00+00:00,75987.01,76104.54,75973.185,76058.785
2023-06-05 15:00:00+00:00,76060.93,76090.215,75943.015,75992.41500000001
2023-06-05 15:30:00+00:00,75994.76000000001,76027.44,75962.595,75997.44
2023-06-05 16:00:00+00:00,75998.275,76073.22,75972.365,76062.625
2023-06-05 16:30:00+00:00,76063.655,76076.02,76032.17499999999,76062.63500000001
2023-06-05 17:00:00+00:00,76061.255,76067.62,75967.86499999999,75980.35500000001
2023-06-05 17:30:00+00:00,75981.78,75982.97,75919.64499999999,75975.33499999999
2023-06-05 18:00:00+00:00,75976.86499999999,76002.91,75927.54000000001,75983.13
2023-06-05 18:30:00+00:00,75984.39499999999,75990.38,75822.75,75918.235
2023-06-05 19:00:00+00:00,75916.825,75928.33,75856.01999999999,75873.4
2023-06-05 19:30:00+00:00,75870.9,75936.34,75858.465,75890.82500000001
2023-06-05 20:00:00+00:00,75907.6,75936.115,75896.41500000001,75923.035
2023-06-05 22:00:00+00:00,75882.065,75892.42000000001,75830.42499999999,75845.025
2023-06-05 22:30:00+00:00,75845.845,75849.89,75805.215,75809.94
2023-06-05 23:00:00+00:00,75812.065,75846.655,75809.345,75828.81
2023-06-05 23:30:00+00:00,75831.1,75842.625,75775.185,75825.155
2023-06-06 00:00:00+00:00,75822.115,75825.005,75776.565,75817.025
2023-06-06 00:30:00+00:00,75817.995,75859.70000000001,75812.43,75855.055
2023-06-06 01:00:00+00:00,75856.33,75887.83499999999,75839.005,75884.63500000001
2023-06-06 01:30:00+00:00,75884.69,75887.42000000001,75847.27,75879.63
2023-06-06 02:00:00+00:00,75881.1,75937.465,75852.08499999999,75929.78
2023-06-06 02:30:00+00:00,75929.865,75940.28,75914.37,75932.73999999999
2023-06-06 03:00:00+00:00,75932.155,75942.94,75915.08499999999,75929.815
2023-06-06 03:30:00+00:00,75929.87,75933.13500000001,75883.985,75930.125
2023-06-06 04:00:00+00:00,75928.65,75953.47,75919.75,75940.185
2023-06-06 04:30:00+00:00,75940.32999999999,76005.57,75917.895,75940.45
2023-06-06 05:00:00+00:00,75940.16,75977.985,75925.505,75955.395
2023-06-06 05:30:00+00:00,75954.39499999999,75963.57500000001,75888.29500000001,75888.29500000001
2023-06-06 06:00:00+00:00,75893.37,75930.745,75813.11,75920.94
2023-06-06 06:30:00+00:00,75919.72,75928.265,75747.855,75798.58
2023-06-06 07:00:00+00:00,75775.535,76025.945,75764.895,75962.325
2023-06-06 07:30:00+00:00,75965.01999999999,75995.23000000001,75823.25,75940.28
2023-06-06 08:00:00+00:00,75942.85,75948.42000000001,75743.70000000001,75765.0
2023-06-06 08:30:00+00:00,75763.83499999999,75768.03,75551.65,75559.515
2023-06-06 09:00:00+00:00,75562.13500000001,75786.98,75562.13500000001,75737.84
2023-06-06 09:30:00+00:00,75737.88,75848.8,75720.43,75823.83
2023-06-06 10:00:00+00:00,75824.73,75836.98,75784.82,75792.215
2023-06-06 10:30:00+00:00,75793.16500000001,75829.13,75744.37,75752.99
2023-06-06 11:00:00+00:00,75753.15,75826.89,75712.065,75805.82
2023-06-06 11:30:00+00:00,75808.765,75838.135,75787.05,75826.29
2023-06-06 12:00:00+00:00,75821.02,75978.895,75821.02,75957.13
2023-06-06 12:30:00+00:00,75957.61,76007.13,75935.8,75982.01
2023-06-06 13:00:00+00:00,75976.57,76037.99,75970.38,76007.04
2023-06-06 13:30:00+00:00,76003.65,76177.955,75965.95,76094.99
2023-06-06 14:00:00+00:00,76091.92,76194.13,76074.88,76174.94
2023-06-06 14:30:00+00:00,76178.045,76287.99,76161.875,76257.2
2023-06-06 15:00:00+00:00,76254.95,76359.16,76251.43,76328.69
2023-06-06 15:30:00+00:00,76332.685,76397.975,76286.325,76395.325
2023-06-06 16:00:00+00:00,76393.99,76417.57500000001,76325.315,76330.495
2023-06-06 16:30:00+00:00,76331.285,76340.66,76277.85,76297.925
2023-06-06 17:00:00+00:00,76298.905,76365.645,76285.67499999999,76337.92
2023-06-06 17:30:00+00:00,76340.04500000001,76345.97,76270.79000000001,76291.09
2023-06-06 18:00:00+00:00,76292.255,76333.32,76265.79500000001,76331.175
2023-06-06 18:30:00+00:00,76331.92,76361.08,76316.015,76341.19
2023-06-06 19:00:00+00:00,76343.69,76396.23999999999,76341.14499999999,76386.095
2023-06-06 19:30:00+00:00,76387.29000000001,76446.38500000001,76367.34,76415.17
2023-06-06 20:00:00+00:00,76426.31,76480.785,76414.175,76465.18
2023-06-06 22:00:00+00:00,76485.33,76485.33,76391.23999999999,76395.47
2023-06-06 22:30:00+00:00,76393.785,76440.72,76393.785,76418.285
2023-06-06 23:00:00+00:00,76415.91500000001,76478.41,76413.91500000001,76476.065
2023-06-06 23:30:00+00:00,76475.07,76495.36,76458.045,76492.12
2023-06-07 00:00:00+00:00,76477.955,76483.34,76410.91,76411.08499999999
2023-06-07 00:30:00+00:00,76411.33,76449.81,76387.84,76393.89
2023-06-07 01:00:00+00:00,76393.925,76399.525,76282.59,76339.11
2023-06-07 01:30:00+00:00,76337.42000000001,76353.395,76321.305,76346.1
2023-06-07 02:00:00+00:00,76339.04000000001,76339.04000000001,76292.905,76316.94
2023-06-07 02:30:00+00:00,76320.54000000001,76347.88500000001,76313.195,76336.875
2023-06-07 03:00:00+00:00,76339.55,76347.625,76316.79000000001,76346.87
2023-06-07 03:30:00+00:00,76347.17499999999,76386.965,76342.985,76384.28
2023-06-07 04:00:00+00:00,76383.01000000001,76402.445,76381.06,76393.58499999999
2023-06-07 04:30:00+00:00,76391.91,76400.155,76348.625,76393.49
2023-06-07 05:00:00+00:00,76392.95000000001,76398.57500000001,76332.935,76343.57500000001
2023-06-07 05:30:00+00:00,76344.97,76360.58,76295.88500000001,76297.525
2023-06-07 06:00:00+00:00,76299.81,76338.965,76254.06,76271.36
2023-06-07 06:30:00+00:00,76272.655,76296.33,76201.855,76206.78
2023-06-07 07:00:00+00:00,76203.79000000001,76219.265,76018.265,76181.29000000001
2023-06-07 07:30:00+00:00,76180.28,76243.06,76124.475,76227.69
2023-06-07 08:00:00+00:00,76226.115,76305.12,76188.015,76257.655
2023-06-07 08:30:00+00:00,76258.45999999999,76299.1,76239.88,76254.97
2023-06-07 09:00:00+00:00,76254.095,76278.15,76208.625,76268.69
2023-06-07 09:30:00+00:00,76267.77,76318.995,76247.385,76270.265
2023-06-07 10:00:00+00:00,76268.825,76388.14,76252.6,76377.89
2023-06-07 10:30:00+00:00,76376.34,76386.89,76340.51999999999,76385.655
2023-06-07 11:00:00+00:00,76386.735,76395.655,76335.69,76379.205
2023-06-07 11:30:00+00:00,76376.58,76427.94,76364.29000000001,76397.97
2023-06-07 12:00:00+00:00,76395.48,76395.48,76292.05,76292.05
2023-06-07 12:30:00+00:00,76294.67,76353.45999999999,76284.62,76331.34
2023-06-07 13:00:00+00:00,76329.08,76414.82,76300.685,76414.185
2023-06-07 13:30:00+00:00,76412.935,76422.07,76274.785,76328.83
2023-06-07 14:00:00+00:00,76327.48000000001,76328.07999999999,76169.5,76212.66
2023-06-07 14:30:00+00:00,76214.20499999999,76235.34,76100.725,76205.88
2023-06-07 15:00:00+00:00,76205.10500000001,76295.165,76176.14,76266.10500000001
2023-06-07 15:30:00+00:00,76268.41,76305.62,76175.16500000001,76204.64499999999
2023-06-07 16:00:00+00:00,76207.63500000001,76275.15,76190.20999999999,76212.515
2023-06-07 16:30:00+00:00,76211.28,76285.39,76210.25,76235.93
2023-06-07 17:00:00+00:00,76232.315,76280.61499999999,76207.735,76257.735
2023-06-07 17:30:00+00:00,76256.88500000001,76264.33499999999,76220.73,76242.745
2023-06-07 18:00:00+00:00,76244.41,76310.57500000001,76244.35,76296.25
2023-06-07 18:30:00+00:00,76294.69,76330.905,76260.91500000001,76329.88
2023-06-07 19:00:00+00:00,76328.435,76361.35,76280.895,76355.895
2023-06-07 19:30:00+00:00,76356.715,76411.57,76330.82500000001,76383.35
2023-06-07 20:00:00+00:00,76396.5,76406.315,76360.035,76374.14
2023-06-07 22:00:00+00:00,76296.9,76342.17000000001,76273.125,76319.375
2023-06-07 22:30:00+00:00,76316.63500000001,76319.48000000001,76270.405,76275.175
2023-06-07 23:00:00+00:00,76273.435,76297.565,76264.445,76264.675
2023-06-07 23:30:00+00:00,76267.32,76311.03,76260.41500000001,76306.88
2023-06-08 00:00:00+00:00,76315.10500000001,76345.375,76196.39,76219.70499999999
2023-06-08 00:30:00+00:00,76222.67,76261.455,76211.87,76246.405
2023-06-08 01:00:00+00:00,76245.85,76272.405,76234.545,76266.895
2023-06-08 01:30:00+00:00,76267.1,76272.53,76177.17,76249.975
2023-06-08 02:00:00+00:00,76250.495,76277.49,76242.33499999999,76261.88
2023-06-08 02:30:00+00:00,76261.92499999999,76272.685,76235.045,76242.32500000001
2023-06-08 03:00:00+00:00,76242.12,76257.745,76221.65,76222.58499999999
2023-06-08 03:30:00+00:00,76222.715,76222.715,76155.555,76172.7
2023-06-08 04:00:00+00:00,76172.68,76176.17000000001,76117.955,76137.83
2023-06-08 04:30:00+00:00,76136.74,76137.82500000001,76090.265,76133.07500000001
2023-06-08 05:00:00+00:00,76130.445,76168.045,76098.205,76168.015
2023-06-08 05:30:00+00:00,76169.425,76221.0,76160.765,76213.205
2023-06-08 06:00:00+00:00,76212.29500000001,76270.68,76105.7,76265.79000000001
2023-06-08 06:30:00+00:00,76267.335,76300.975,76218.455,76236.185
2023-06-08 07:00:00+00:00,76238.475,76384.61,76172.86499999999,76214.795
2023-06-08 07:30:00+00:00,76222.89,76259.065,76135.95499999999,76160.41
2023-06-08 08:00:00+00:00,76162.79999999999,76178.4,76119.02,76159.18
2023-06-08 08:30:00+00:00,76158.06,76179.01,76009.82,76022.9
2023-06-08 09:00:00+00:00,76024.13,76097.66,75997.44,76065.78
2023-06-08 09:30:00+00:00,76067.59,76149.68,76048.64,76134.79000000001
2023-06-08 10:00:00+00:00,76136.98,76252.445,76117.795,76207.48000000001
2023-06-08 10:30:00+00:00,76209.84,76244.72,76186.58,76194.465
2023-06-08 11:00:00+00:00,76189.34,76229.45999999999,76181.895,76214.675
2023-06-08 11:30:00+00:00,76212.925,76277.16,76147.815,76255.29
2023-06-08 12:00:00+00:00,76257.92000000001,76277.99,76159.88,76169.76999999999
2023-06-08 12:30:00+00:00,76168.1,76232.71,76143.775,76193.09
2023-06-08 13:00:00+00:00,76194.77,76202.985,76045.06,76109.5
2023-06-08 13:30:00+00:00,76107.18,76124.625,75865.735,75947.03
2023-06-08 14:00:00+00:00,75943.505,76057.805,75905.98999999999,76025.025
2023-06-08 14:30:00+00:00,76021.275,76037.575,75959.75,76021.62
2023-06-08 15:00:00+00:00,76022.78,76038.975,75951.68,75992.94
2023-06-08 15:30:00+00:00,75991.97,76019.74,75882.025,75902.225
2023-06-08 16:00:00+00:00,75900.44,76042.26999999999,75877.24,76037.625
2023-06-08 16:30:00+00:00,76035.86,76047.415,75992.08,76032.38500000001
2023-06-08 17:00:00+00:00,76033.635,76057.54000000001,76009.765,76009.765
2023-06-08 17:30:00+00:00,76011.175,76027.36499999999,75974.79999999999,76007.465
2023-06-08 18:00:00+00:00,76008.66,76063.095,75992.35,76059.87
2023-06-08 18:30:00+00:00,76061.4,76107.735,76059.89,76097.525
2023-06-08 19:00:00+00:00,76100.31,76127.695,76052.56,76122.635
2023-06-08 19:30:00+00:00,76121.445,76197.625,76102.16500000001,76153.435
2023-06-08 20:00:00+00:00,76166.055,76166.055,76119.37,76136.82500000001
2023-06-08 22:00:00+00:00,76142.905,76145.005,76104.96,76113.2
2023-06-08 22:30:00+00:00,76115.435,76144.04500000001,76110.57,76131.42
2023-06-08 23:00:00+00:00,76129.01000000001,76140.22,76104.8,76126.13500000001
2023-06-08 23:30:00+00:00,76110.695,76127.25,76081.19,76092.97
2023-06-09 00:00:00+00:00,76153.045,76153.045,76060.575,76106.205
2023-06-09 00:30:00+00:00,76103.215,76113.77,76061.13,76078.495
2023-06-09 01:00:00+00:00,76080.52,76098.73000000001,76069.18,76073.39499999999
2023-06-09 01:30:00+00:00,76074.005,76104.29000000001,76073.89499999999,76083.76000000001
2023-06-09 02:00:00+00:00,76083.26000000001,76091.32,76064.61499999999,76086.635
2023-06-09 02:30:00+00:00,76087.59,76109.305,76085.745,76104.11
2023-06-09 03:00:00+00:00,76104.0,76118.91500000001,76093.88,76118.91500000001
2023-06-09 03:30:00+00:00,76118.745,76144.17,76108.855,76134.205
2023-06-09 04:00:00+00:00,76133.055,76140.45,76116.33,76123.98999999999
2023-06-09 04:30:00+00:00,76122.66500000001,76127.73000000001,76099.48,76109.345
2023-06-09 05:00:00+00:00,76108.48,76124.72,76099.17,76124.305
2023-06-09 05:30:00+00:00,76121.79000000001,76149.235,76112.025,76147.245
2023-06-09 06:00:00+00:00,76144.625,76144.625,76046.89499999999,76109.695
2023-06-09 06:30:00+00:00,76111.065,76157.38,76074.64,76147.305
2023-06-09 07:00:00+00:00,76145.98,76184.79000000001,75858.075,75863.52
2023-06-09 07:30:00+00:00,75860.49,76061.265,75832.895,76049.19
2023-06-09 08:00:00+00:00,76045.91500000001,76056.36,75922.925,75964.035
2023-06-09 08:30:00+00:00,75962.43,76048.03,75882.125,76028.0
2023-06-09 09:00:00+00:00,76029.34,76078.485,75956.23,75994.69
2023-06-09 09:30:00+00:00,75992.25,75997.99,75711.56,75788.06
2023-06-09 10:00:00+00:00,75789.62,75835.10500000001,75680.67,75732.6
2023-06-09 10:30:00+00:00,75733.32,75738.12,75659.26999999999,75674.99
2023-06-09 11:00:00+00:00,75675.015,75734.07,75597.56,75621.925
2023-06-09 11:30:00+00:00,75619.46,75636.74,75507.63500000001,75559.18
2023-06-09 12:00:00+00:00,75556.85,75642.07,75517.49,75533.16500000001
2023-06-09 12:30:00+00:00,75529.32,75632.19,75455.03,75624.83499999999
2023-06-09 13:00:00+00:00,75626.92,75628.06,75557.595,75597.83499999999
2023-06-09 13:30:00+00:00,75596.5,75647.01,75457.955,75629.18
2023-06-09 14:00:00+00:00,75626.74,75752.13,75611.86,75717.47
2023-06-09 14:30:00+00:00,75718.8,75782.65,75657.63500000001,75761.09
2023-06-09 15:00:00+00:00,75764.11,75768.86,75587.23000000001,75592.63
2023-06-09 15:30:00+00:00,75590.685,75660.51000000001,75532.79999999999,75647.685
2023-06-09 16:00:00+00:00,75648.76000000001,75693.37,75587.92,75625.0
2023-06-09 16:30:00+00:00,75626.38,75658.94,75602.68,75658.045
2023-06-09 17:00:00+00:00,75658.85,75673.03,75627.82500000001,75668.13500000001
2023-06-09 17:30:00+00:00,75668.725,75737.36,75667.88,75737.36
2023-06-09 18:00:00+00:00,75739.37,75765.09,75709.305,75713.075
2023-06-09 18:30:00+00:00,75714.395,75738.015,75679.97,75727.91
2023-06-09 19:00:00+00:00,75729.4,75745.23000000001,75682.985,75738.03
2023-06-09 19:30:00+00:00,75740.78,75756.85500000001,75667.88,75719.58499999999
2023-06-12 00:00:00+00:00,75802.545,75907.345,75772.005,75907.15
2023-06-12 00:30:00+00:00,75907.43,75945.57500000001,75887.67,75942.20999999999
2023-06-12 01:00:00+00:00,75943.63500000001,75975.15,75934.935,75952.32999999999
2023-06-12 01:30:00+00:00,75953.66500000001,75977.63,75945.38,75966.845
2023-06-12 02:00:00+00:00,75968.70000000001,75977.67499999999,75930.16,75937.54999999999
2023-06-12 02:30:00+00:00,75937.26000000001,75955.25,75926.85,75951.88
2023-06-12 03:00:00+00:00,75952.14,75958.175,75933.12,75942.56
2023-06-12 03:30:00+00:00,75942.41500000001,75947.60999999999,75902.35,75907.805
2023-06-12 04:00:00+00:00,75909.64499999999,75920.86,75892.83499999999,75907.47
2023-06-12 04:30:00+00:00,75907.69,75933.10999999999,75893.38,75924.79500000001
2023-06-12 05:00:00+00:00,75924.16500000001,75944.42,75916.815,75926.705
2023-06-12 05:30:00+00:00,75928.145,75990.77,75907.81,75948.13
2023-06-12 06:00:00+00:00,75950.51000000001,76005.735,75914.59,76005.735
2023-06-12 06:30:00+00:00,76008.13,76041.16500000001,75980.82,76038.35
2023-06-12 07:00:00+00:00,76032.895,76060.85,75689.28,75843.83
2023-06-12 07:30:00+00:00,75842.04,75893.0,75752.91,75873.3
2023-06-12 08:00:00+00:00,75870.98,75968.55,75822.65,75863.0
2023-06-12 08:30:00+00:00,75867.795,75922.88,75751.71,75812.04
2023-06-12 09:00:00+00:00,75813.89,75814.42,75724.85,75742.42499999999
2023-06-12 09:30:00+00:00,75737.36,75777.04,75637.61,75662.91
2023-06-12 10:00:00+00:00,75658.74,75674.4,75547.765,75609.26500000001
2023-06-12 10:30:00+00:00,75607.985,75692.07,75581.65,75672.98000000001
2023-06-12 11:00:00+00:00,75671.775,75715.115,75606.445,75706.64
2023-06-12 11:30:00+00:00,75705.64,75754.645,75689.84,75696.605
2023-06-12 12:00:00+00:00,75694.03,75750.84,75646.905,75668.16
2023-06-12 12:30:00+00:00,75666.99,75750.695,75651.9,75707.14000000001
2023-06-12 13:00:00+00:00,75708.11,75808.95999999999,75687.125,75758.285
2023-06-12 13:30:00+00:00,75754.105,75834.58,75684.405,75793.875
2023-06-12 14:00:00+00:00,75796.285,75801.29000000001,75639.36,75675.795
2023-06-12 14:30:00+00:00,75675.095,75711.25,75575.245,75686.065
2023-06-12 15:00:00+00:00,75688.04500000001,75738.99,75605.51999999999,75642.63500000001
2023-06-12 15:30:00+00:00,75642.66500000001,75695.19,75630.005,75685.175
2023-06-12 16:00:00+00:00,75683.6,75740.35,75675.225,75730.44
2023-06-12 16:30:00+00:00,75732.79000000001,75765.41500000001,75722.84,75755.53
2023-06-12 17:00:00+00:00,75753.745,75760.44,75695.42,75695.42
2023-06-12 17:30:00+00:00,75694.395,75735.755,75677.765,75715.625
2023-06-12 18:00:00+00:00,75718.20000000001,75731.32,75700.62,75705.76
2023-06-12 18:30:00+00:00,75704.42,75730.73999999999,75684.51500000001,75720.86
2023-06-12 19:00:00+00:00,75719.745,75795.82,75710.79999999999,75771.005
2023-06-12 19:30:00+00:00,75771.98999999999,75801.13500000001,75750.97,75788.145
2023-06-12 20:00:00+00:00,75807.6,75816.22,75772.79000000001,75800.68
2023-06-12 22:00:00+00:00,75803.42000000001,75817.01000000001,75785.51,75795.26000000001
2023-06-12 22:30:00+00:00,75795.61,75854.895,75787.68,75818.69
2023-06-12 23:00:00+00:00,75826.125,75859.505,75791.16,75800.75
2023-06-12 23:30:00+00:00,75800.755,75824.805,75766.895,75824.805
2023-06-13 00:00:00+00:00,75816.60500000001,75918.73999999999,75741.61,75786.67
2023-06-13 00:30:00+00:00,75786.78,75822.265,75766.68,75771.94
2023-06-13 01:00:00+00:00,75772.355,75804.735,75756.65,75797.02
2023-06-13 01:30:00+00:00,75798.655,75864.89,75797.06,75862.205
2023-06-13 02:00:00+00:00,75863.185,75880.225,75837.07500000001,75844.965
2023-06-13 02:30:00+00:00,75845.935,75877.31,75836.815,75872.745
2023-06-13 03:00:00+00:00,75872.575,75890.645,75869.95,75885.16
2023-06-13 03:30:00+00:00,75885.45,75946.02,75875.525,75940.23999999999
2023-06-13 04:00:00+00:00,75940.025,75955.39,75937.18,75943.32
2023-06-13 04:30:00+00:00,75942.705,75980.42,75942.685,75947.94
2023-06-13 05:00:00+00:00,75949.55,75980.63500000001,75935.48999999999,75952.76000000001
2023-06-13 05:30:00+00:00,75954.01000000001,75995.695,75940.555,75970.745
2023-06-13 06:00:00+00:00,75973.17,76075.47,75890.71,76043.255
2023-06-13 06:30:00+00:00,76045.76999999999,76050.82999999999,75949.26999999999,75949.26999999999
2023-06-13 07:00:00+00:00,75957.49,75957.49,75734.925,75805.705
2023-06-13 07:30:00+00:00,75809.455,75946.485,75779.695,75826.42499999999
2023-06-13 08:00:00+00:00,75805.97,75847.61,75731.765,75802.66500000001
2023-06-13 08:30:00+00:00,75803.81,75882.685,75782.54000000001,75865.09
2023-06-13 09:00:00+00:00,75863.84,75952.2,75838.08,75904.06
2023-06-13 09:30:00+00:00,75905.155,75928.84,75695.035,75695.08
2023-06-13 10:00:00+00:00,75693.41500000001,75746.79999999999,75620.26000000001,75669.18
2023-06-13 10:30:00+00:00,75666.65,75721.025,75605.45999999999,75642.54000000001
2023-06-13 11:00:00+00:00,75640.75,75674.73999999999,75573.0,75667.11
2023-06-13 11:30:00+00:00,75657.26000000001,75670.025,75557.86499999999,75650.77
2023-06-13 12:00:00+00:00,75644.96,75747.895,75617.48,75730.59
2023-06-13 12:30:00+00:00,75725.345,75904.67,75533.36,75902.4
2023-06-13 13:00:00+00:00,75902.22,76002.04,75862.47,75867.69
2023-06-13 13:30:00+00:00,75866.08499999999,76112.99,75842.88,76037.475
2023-06-13 14:00:00+00:00,76038.92,76107.16,75987.555,76101.925
2023-06-13 14:30:00+00:00,76100.0,76102.67,75943.03,75978.09
2023-06-13 15:00:00+00:00,75979.94,76005.13500000001,75925.955,75977.67000000001
2023-06-13 15:30:00+00:00,75979.1,75983.07,75872.615,75872.82500000001
2023-06-13 16:00:00+00:00,75875.145,75933.86,75847.365,75907.76000000001
2023-06-13 16:30:00+00:00,75909.09,75948.015,75897.88500000001,75919.85
2023-06-13 17:00:00+00:00,75919.235,75993.16500000001,75893.0,75993.075
2023-06-13 17:30:00+00:00,75995.28,76003.09,75962.76999999999,75983.0
2023-06-13 18:00:00+00:00,75982.20000000001,76005.69,75905.9,75920.615
2023-06-13 18:30:00+00:00,75922.45000000001,75933.66,75878.54999999999,75913.295
2023-06-13 19:00:00+00:00,75916.285,75953.93,75916.285,75934.485
2023-06-13 19:30:00+00:00,75935.17,75949.1,75878.9,75929.92
2023-06-13 20:00:00+00:00,75938.54500000001,75953.655,75910.26000000001,75940.705
2023-06-13 22:00:00+00:00,75941.095,75941.095,75876.995,75926.215
2023-06-13 22:30:00+00:00,75928.485,75956.425,75924.175,75943.36
2023-06-13 23:00:00+00:00,75945.25,75952.0,75922.23999999999,75939.57
2023-06-13 23:30:00+00:00,75941.85500000001,75954.015,75904.875,75954.015
2023-06-14 00:00:00+00:00,75897.59,75904.965,75844.61,75865.345
2023-06-14 00:30:00+00:00,75864.82,75884.91500000001,75823.455,75833.04000000001
2023-06-14 01:00:00+00:00,75833.33499999999,75880.38,75824.695,75835.605
2023-06-14 01:30:00+00:00,75835.435,75880.54000000001,75822.75,75822.75
2023-06-14 02:00:00+00:00,75823.63,75832.905,75790.70999999999,75808.52
2023-06-14 02:30:00+00:00,75807.84,75833.55,75795.235,75825.745
2023-06-14 03:00:00+00:00,75827.875,75828.87,75813.805,75823.23999999999
2023-06-14 03:30:00+00:00,75823.85500000001,75841.495,75780.72,75830.88
2023-06-14 04:00:00+00:00,75832.84,75851.66,75811.345,75851.48
2023-06-14 04:30:00+00:00,75851.20999999999,75874.60500000001,75849.07,75871.43
2023-06-14 05:00:00+00:00,75871.555,75899.48,75863.73000000001,75879.39499999999
2023-06-14 05:30:00+00:00,75877.0,75896.925,75824.255,75871.765
2023-06-14 06:00:00+00:00,75869.67499999999,75912.215,75827.285,75827.285
2023-06-14 06:30:00+00:00,75826.035,75894.845,75759.7,75892.715
2023-06-14 07:00:00+00:00,75891.04999999999,76122.13,75745.68,76015.06
2023-06-14 07:30:00+00:00,76014.55,76077.99,75984.46,76037.1
2023-06-14 08:00:00+00:00,76033.77,76072.865,75934.87,75979.795
2023-06-14 08:30:00+00:00,75978.87,76112.07,75967.43,76101.89
2023-06-14 09:00:00+00:00,76104.65,76204.465,76074.245,76188.475
2023-06-14 09:30:00+00:00,76190.535,76245.51,76144.44,76155.1
2023-06-14 10:00:00+00:00,76157.5,76284.405,76125.63500000001,76264.595
2023-06-14 10:30:00+00:00,76262.095,76388.0,76231.185,76364.61
2023-06-14 11:00:00+00:00,76362.32500000001,76403.13500000001,76332.805,76402.85
2023-06-14 11:30:00+00:00,76407.955,76408.13500000001,76307.67000000001,76313.81
2023-06-14 12:00:00+00:00,76316.12,76347.45,76249.75,76252.215
2023-06-14 12:30:00+00:00,76255.67,76323.0,76080.22,76110.33
2023-06-14 13:00:00+00:00,76110.08,76203.77,76094.06,76137.4
2023-06-14 13:30:00+00:00,76139.76,76267.04,76124.81,76159.74
2023-06-14 14:00:00+00:00,76162.22,76198.045,76036.79999999999,76044.33499999999
2023-06-14 14:30:00+00:00,76046.58,76127.87,76019.35,76060.435
2023-06-14 15:00:00+00:00,76058.2,76127.07,76050.75,76124.77
2023-06-14 15:30:00+00:00,76138.78,76148.565,75968.04000000001,75983.085
2023-06-14 16:00:00+00:00,75981.79,76045.34,75940.39,76035.39
2023-06-14 16:30:00+00:00,76036.685,76061.34,76020.42000000001,76056.345
2023-06-14 17:00:00+00:00,76055.39,76055.39,75968.555,75997.25
2023-06-14 17:30:00+00:00,75998.20999999999,76046.77,75973.47,76022.20999999999
2023-06-14 18:00:00+00:00,76020.665,76047.16,75783.71,75844.595
2023-06-14 18:30:00+00:00,75843.53,75961.285,75799.9,75925.18
2023-06-14 19:00:00+00:00,75929.1,76042.13,75886.7,75995.27
2023-06-14 19:30:00+00:00,76001.74,76001.86,75819.765,75909.01000000001
2023-06-14 20:00:00+00:00,75914.475,75976.92,75895.83,75942.44
2023-06-14 22:00:00+00:00,75958.705,76004.14,75938.86,75947.99
2023-06-14 22:30:00+00:00,75946.69,75981.98,75939.475,75956.22
2023-06-14 23:00:00+00:00,75954.075,75964.86499999999,75926.38,75926.84
2023-06-14 23:30:00+00:00,75924.145,75947.0,75901.215,75913.075
2023-06-15 00:00:00+00:00,75901.98999999999,75965.15,75863.79000000001,75923.36
2023-06-15 00:30:00+00:00,75923.015,75948.23999999999,75905.56,75937.465
2023-06-15 01:00:00+00:00,75935.44,75945.535,75808.255,75814.745
2023-06-15 01:30:00+00:00,75814.39,75831.26000000001,75789.51000000001,75818.06
2023-06-15 02:00:00+00:00,75818.11499999999,75838.04500000001,75791.755,75831.595
2023-06-15 02:30:00+00:00,75832.955,75889.365,75822.51,75888.775
2023-06-15 03:00:00+00:00,75893.13500000001,75911.045,75881.41500000001,75889.12
2023-06-15 03:30:00+00:00,75888.505,75913.385,75886.5,75906.66
2023-06-15 04:00:00+00:00,75907.735,75934.44,75907.56,75919.97
2023-06-15 04:30:00+00:00,75919.58,75928.47,75903.01999999999,75923.06
2023-06-15 05:00:00+00:00,75924.43,75944.515,75899.495,75942.895
2023-06-15 05:30:00+00:00,75944.33499999999,75969.215,75874.845,75884.705
2023-06-15 06:00:00+00:00,75886.35500000001,75905.43,75805.22,75854.2
2023-06-15 06:30:00+00:00,75852.61,75919.95,75795.51000000001,75912.635
2023-06-15 07:00:00+00:00,75908.02,75958.95,75791.24,75889.75
2023-06-15 07:30:00+00:00,75889.86,75984.38,75868.595,75968.63
2023-06-15 08:00:00+00:00,75972.835,76002.01000000001,75918.54999999999,75979.77
2023-06-15 08:30:00+00:00,75977.83499999999,76057.99,75924.11,76021.74
2023-06-15 09:00:00+00:00,76022.94,76072.1,75978.39,76062.13
2023-06-15 09:30:00+00:00,76064.16,76185.07500000001,76053.59,76154.965
2023-06-15 10:00:00+00:00,76154.36499999999,76188.015,76112.235,76138.905
2023-06-15 10:30:00+00:00,76140.375,76153.66500000001,76010.445,76034.91500000001
2023-06-15 11:00:00+00:00,76032.75,76107.83,76026.065,76048.865
2023-06-15 11:30:00+00:00,76049.345,76122.98,76041.49,76068.22
2023-06-15 12:00:00+00:00,76069.97,76150.14,76006.43,76076.525
2023-06-15 12:30:00+00:00,76073.77,76166.83,75937.91500000001,76082.01
2023-06-15 13:00:00+00:00,76074.82,76130.06,76052.05,76090.20499999999
2023-06-15 13:30:00+00:00,76087.435,76158.06,76030.64,76144.27
2023-06-15 14:00:00+00:00,76145.66,76179.98,76068.42,76168.83499999999
2023-06-15 14:30:00+00:00,76168.765,76191.1,76121.08,76188.81
2023-06-15 15:00:00+00:00,76191.13,76337.955,76176.59,76322.48999999999
2023-06-15 15:30:00+00:00,76320.98,76330.0,76208.975,76260.655
2023-06-15 16:00:00+00:00,76259.79000000001,76298.135,76243.20999999999,76285.03
2023-06-15 16:30:00+00:00,76287.04000000001,76288.475,76208.41,76228.92
2023-06-15 17:00:00+00:00,76230.03,76254.82,76189.11499999999,76253.81
2023-06-15 17:30:00+00:00,76255.205,76307.075,76240.535,76298.15
2023-06-15 18:00:00+00:00,76301.185,76318.52,76248.84,76313.45999999999
2023-06-15 18:30:00+00:00,76315.04999999999,76405.16500000001,76313.45999999999,76396.765
2023-06-15 19:00:00+00:00,76398.045,76408.06,76348.425,76384.56
2023-06-15 19:30:00+00:00,76383.045,76392.5,76230.465,76334.975
2023-06-15 20:00:00+00:00,76342.375,76362.61,76238.70000000001,76255.8
2023-06-15 22:00:00+00:00,76285.895,76300.08499999999,76247.70999999999,76270.965
2023-06-15 22:30:00+00:00,76271.8,76277.29500000001,76226.635,76235.44
2023-06-15 23:00:00+00:00,76251.49,76267.95499999999,76235.445,76250.42499999999
2023-06-15 23:30:00+00:00,76248.92,76261.36499999999,76222.79000000001,76251.20999999999
2023-06-16 00:00:00+00:00,76234.14000000001,76337.85,76234.14000000001,76278.86
2023-06-16 00:30:00+00:00,76278.07999999999,76285.92,76251.765,76279.6
2023-06-16 01:00:00+00:00,76281.08,76338.235,76261.72,76261.965
2023-06-16 01:30:00+00:00,76262.265,76264.68,76221.515,76244.70999999999
2023-06-16 02:00:00+00:00,76244.91500000001,76280.125,76242.355,76264.265
2023-06-16 02:30:00+00:00,76264.62,76292.85500000001,76253.555,76260.065
2023-06-16 03:00:00+00:00,76257.805,76279.73000000001,76232.45999999999,76270.115
2023-06-16 03:30:00+00:00,76271.015,76324.98999999999,76247.795,76324.47
2023-06-16 04:00:00+00:00,76323.155,76407.15,76319.69,76405.54000000001
2023-06-16 04:30:00+00:00,76404.29500000001,76404.29500000001,76352.465,76359.65
2023-06-16 05:00:00+00:00,76358.20499999999,76389.675,76342.07,76377.10500000001
2023-06-16 05:30:00+00:00,76378.405,76441.9,76374.65,76410.81
2023-06-16 06:00:00+00:00,76410.465,76476.475,76337.20000000001,76434.54000000001
2023-06-16 06:30:00+00:00,76432.175,76481.51000000001,76389.525,76389.525
2023-06-16 07:00:00+00:00,76390.725,76609.745,76327.06,76587.06
2023-06-16 07:30:00+00:00,76592.04,76721.74,76562.97,76679.32
2023-06-16 08:00:00+00:00,76677.03,76732.1,76632.34,76699.64
2023-06-16 08:30:00+00:00,76701.92000000001,76888.015,76692.45999999999,76826.91500000001
2023-06-16 09:00:00+00:00,76829.20999999999,76829.255,76300.69,76479.78
2023-06-16 09:30:00+00:00,76479.95,76587.72,76465.27,76537.99
2023-06-16 10:00:00+00:00,76537.94,76595.35,76495.70499999999,76504.57999999999
2023-06-16 10:30:00+00:00,76512.1,76587.035,76491.29500000001,76581.94
2023-06-16 11:00:00+00:00,76576.89,76600.3,76536.08499999999,76554.37
2023-06-16 11:30:00+00:00,76555.88500000001,76581.69,76465.68,76470.67
2023-06-16 12:00:00+00:00,76464.69,76477.985,76385.6,76472.895
2023-06-16 12:30:00+00:00,76467.86499999999,76648.565,76442.955,76620.09
2023-06-16 13:00:00+00:00,76623.58,76634.86499999999,76497.97,76523.03
2023-06-16 13:30:00+00:00,76528.10500000001,76535.045,76395.945,76471.83499999999
2023-06-16 14:00:00+00:00,76484.405,76560.94,76468.445,76540.89
2023-06-16 14:30:00+00:00,76543.51,76547.97,76412.93,76481.07500000001
2023-06-16 15:00:00+00:00,76483.45,76493.29000000001,76386.32999999999,76421.61
2023-06-16 15:30:00+00:00,76424.14,76499.97,76263.22,76417.715
2023-06-16 16:00:00+00:00,76415.215,76447.94,76355.57999999999,76437.255
2023-06-16 16:30:00+00:00,76434.755,76477.16,76415.08499999999,76445.005
2023-06-16 17:00:00+00:00,76442.37,76450.12,76361.025,76368.495
2023-06-16 17:30:00+00:00,76376.17,76389.99,76329.345,76376.11
2023-06-16 18:00:00+00:00,76373.785,76379.99,76326.83499999999,76356.76000000001
2023-06-16 18:30:00+00:00,76364.09,76375.10500000001,76275.53,76280.445
2023-06-16 19:00:00+00:00,76292.01,76322.955,76235.95000000001,76268.43
2023-06-16 19:30:00+00:00,76257.07,76263.06,76122.78,76183.725
2023-06-16 20:00:00+00:00,76203.06,76203.06,76203.06,76203.06
2023-06-19 00:00:00+00:00,76204.525,76255.285,76094.04000000001,76136.9
2023-06-19 00:30:00+00:00,76136.22,76147.185,76102.985,76135.06
2023-06-19 01:00:00+00:00,76136.41,76137.525,76091.355,76091.355
2023-06-19 01:30:00+00:00,76092.88,76111.74,76083.545,76099.495
2023-06-19 02:00:00+00:00,76105.08499999999,76151.45999999999,76102.715,76149.28
2023-06-19 02:30:00+00:00,76151.4,76151.4,76122.91500000001,76124.305
2023-06-19 03:00:00+00:00,76123.995,76131.79999999999,76108.285,76130.475
2023-06-19 03:30:00+00:00,76126.57500000001,76130.60500000001,76068.35,76088.16500000001
2023-06-19 04:00:00+00:00,76087.37,76093.275,76058.58,76090.985
2023-06-19 04:30:00+00:00,76092.055,76093.405,76053.725,76064.11499999999
2023-06-19 05:00:00+00:00,76061.68,76107.705,76053.86,76106.815
2023-06-19 05:30:00+00:00,76107.69,76141.33499999999,76104.95999999999,76128.535
2023-06-19 06:00:00+00:00,76127.595,76173.75,76066.745,76084.215
2023-06-19 06:30:00+00:00,76081.705,76105.6,76041.755,76105.6
2023-06-19 07:00:00+00:00,76109.215,76198.98000000001,76021.79,76102.07
2023-06-19 07:30:00+00:00,76099.65,76229.1,76099.65,76143.86
2023-06-19 08:00:00+00:00,76142.99,76178.13500000001,76053.38,76081.19
2023-06-19 08:30:00+00:00,76087.91,76121.83,76040.82,76089.18
2023-06-19 09:00:00+00:00,76091.92,76262.16,76079.29,76223.75
2023-06-19 09:30:00+00:00,76223.78,76248.105,76167.42000000001,76194.1
2023-06-19 10:00:00+00:00,76193.87,76197.13,76103.75,76128.87
2023-06-19 10:30:00+00:00,76131.05,76133.89,76043.88,76054.045
2023-06-19 11:00:00+00:00,76051.22,76072.13,76016.65,76054.72
2023-06-19 11:30:00+00:00,76052.57,76096.77,76016.98000000001,76092.99
2023-06-19 12:00:00+00:00,76092.73999999999,76112.26000000001,76032.7,76073.6
2023-06-19 12:30:00+00:00,76073.53,76084.035,76026.32,76059.01
2023-06-19 13:00:00+00:00,76060.03,76062.535,75949.37,75951.565
2023-06-19 13:30:00+00:00,75952.58,76044.955,75951.265,75982.925
2023-06-19 14:00:00+00:00,75984.12,75993.18,75914.52,75947.55
2023-06-19 14:30:00+00:00,75947.43,75949.99,75869.45,75876.63500000001
2023-06-19 15:00:00+00:00,75875.38,75909.79500000001,75810.1,75864.09
2023-06-19 15:30:00+00:00,75863.98999999999,75927.26999999999,75840.425,75921.315
2023-06-19 16:00:00+00:00,75918.82500000001,75928.045,75899.85,75913.15
2023-06-19 16:30:00+00:00,75915.0,75977.36499999999,75915.0,75944.91
2023-06-19 17:00:00+00:00,75946.67499999999,75975.43,75928.04500000001,75932.88
2023-06-19 17:30:00+00:00,75935.69,75962.67499999999,75918.03,75952.94
2023-06-19 18:00:00+00:00,75953.18,75955.72,75928.135,75935.93
2023-06-19 18:30:00+00:00,75934.97,75943.0,75898.405,75916.64
2023-06-19 19:00:00+00:00,75917.95000000001,75926.215,75908.375,75923.34
2023-06-19 19:30:00+00:00,75922.85,75929.79000000001,75911.515,75914.39499999999
2023-06-19 20:00:00+00:00,75923.61,75923.61,75923.61,75923.61
2023-06-19 22:00:00+00:00,75936.57,75962.83499999999,75872.84,75877.075
2023-06-19 22:30:00+00:00,75878.58,75894.60500000001,75868.83499999999,75877.32500000001
2023-06-19 23:00:00+00:00,75878.25,75890.29000000001,75856.16,75867.21
2023-06-19 23:30:00+00:00,75865.965,75911.875,75860.27,75885.94
2023-06-20 00:00:00+00:00,75948.765,75987.91500000001,75911.69,75944.86
2023-06-20 00:30:00+00:00,75946.01999999999,75964.91,75907.845,75915.345
2023-06-20 01:00:00+00:00,75916.255,75930.6,75895.57500000001,75923.07
2023-06-20 01:30:00+00:00,75923.35500000001,75923.35500000001,75818.76999999999,75848.69
2023-06-20 02:00:00+00:00,75848.965,75854.24,75815.62,75821.11
2023-06-20 02:30:00+00:00,75821.045,75851.625,75811.57999999999,75850.64
2023-06-20 03:00:00+00:00,75850.19,75869.28,75842.095,75842.095
2023-06-20 03:30:00+00:00,75842.20000000001,75871.63500000001,75841.16,75849.745
2023-06-20 04:00:00+00:00,75851.19,75869.985,75851.19,75856.345
2023-06-20 04:30:00+00:00,75856.985,75874.74,75855.93,75866.845
2023-06-20 05:00:00+00:00,75864.375,75884.345,75794.725,75802.09
2023-06-20 05:30:00+00:00,75800.89000000001,75829.845,75774.985,75826.83
2023-06-20 06:00:00+00:00,75830.06,75830.06,75693.01000000001,75755.195
2023-06-20 06:30:00+00:00,75756.31,75780.1,75698.265,75715.695
2023-06-20 07:00:00+00:00,75713.345,75968.57,75670.0,75941.19
2023-06-20 07:30:00+00:00,75938.82999999999,76047.07,75936.4,76038.91
2023-06-20 08:00:00+00:00,76041.17,76080.525,75968.91,75978.865
2023-06-20 08:30:00+00:00,75976.0,75995.04999999999,75855.37,75906.645
2023-06-20 09:00:00+00:00,75908.45000000001,75964.14,75828.425,75846.26
2023-06-20 09:30:00+00:00,75843.95000000001,75939.23000000001,75834.20999999999,75885.945
2023-06-20 10:00:00+00:00,75884.72,75939.51000000001,75866.20000000001,75874.1
2023-06-20 10:30:00+00:00,75873.09,75932.68,75855.98999999999,75912.77
2023-06-20 11:00:00+00:00,75913.73000000001,75962.735,75892.525,75945.195
2023-06-20 11:30:00+00:00,75944.515,75979.925,75937.41500000001,75959.07500000001
2023-06-20 12:00:00+00:00,75961.38,75979.06,75887.89499999999,75966.48
2023-06-20 12:30:00+00:00,75965.22,76013.2,75928.48000000001,75998.86
2023-06-20 13:00:00+00:00,75998.13,76083.015,75966.67,75966.8
2023-06-20 13:30:00+00:00,75966.93,75976.95999999999,75827.83499999999,75915.56
2023-06-20 14:00:00+00:00,75916.76000000001,75923.99,75718.32999999999,75758.12
2023-06-20 14:30:00+00:00,75757.91,75831.185,75707.48000000001,75753.52
2023-06-20 15:00:00+00:00,75753.74,75789.85,75653.07500000001,75667.64
2023-06-20 15:30:00+00:00,75658.68,75703.64,75628.6,75688.44
2023-06-20 16:00:00+00:00,75689.41,75758.555,75683.41500000001,75742.41
2023-06-20 16:30:00+00:00,75742.125,75773.595,75723.67,75765.995
2023-06-20 17:00:00+00:00,75767.435,75813.38,75748.285,75800.685
2023-06-20 17:30:00+00:00,75801.85500000001,75818.60500000001,75749.015,75763.905
2023-06-20 18:00:00+00:00,75762.06,75778.92000000001,75729.14,75775.95999999999
2023-06-20 18:30:00+00:00,75774.715,75778.65,75729.16500000001,75756.375
2023-06-20 19:00:00+00:00,75757.905,75767.59,75725.275,75750.455
2023-06-20 19:30:00+00:00,75752.67,75755.155,75619.535,75627.035
2023-06-20 20:00:00+00:00,75627.295,75648.41,75538.995,75583.91500000001
2023-06-20 22:00:00+00:00,75610.155,75642.055,75602.245,75639.095
2023-06-20 22:30:00+00:00,75637.685,75666.265,75606.98000000001,75624.525
2023-06-20 23:00:00+00:00,75626.475,75663.34,75618.31,75663.28
2023-06-20 23:30:00+00:00,75665.93,75714.685,75657.63,75691.54999999999
2023-06-21 00:00:00+00:00,75678.07,75738.985,75676.16,75733.91
2023-06-21 00:30:00+00:00,75733.44,75771.565,75711.225,75721.84
2023-06-21 01:00:00+00:00,75721.35500000001,75722.29000000001,75693.795,75714.225
2023-06-21 01:30:00+00:00,75713.9,75745.155,75705.85,75739.195
2023-06-21 02:00:00+00:00,75739.275,75749.905,75709.17000000001,75739.33499999999
2023-06-21 02:30:00+00:00,75740.44,75744.935,75704.03,75709.9
2023-06-21 03:00:00+00:00,75709.85,75724.625,75692.59,75697.025
2023-06-21 03:30:00+00:00,75696.805,75730.285,75684.555,75727.17499999999
2023-06-21 04:00:00+00:00,75726.93,75733.26999999999,75716.98999999999,75724.995
2023-06-21 04:30:00+00:00,75725.85500000001,75750.285,75724.775,75749.895
2023-06-21 05:00:00+00:00,75750.11,75754.86499999999,75700.375,75700.39
2023-06-21 05:30:00+00:00,75701.595,75705.465,75645.99,75655.775
2023-06-21 06:00:00+00:00,75658.23,75658.23,75462.935,75511.45000000001
2023-06-21 06:30:00+00:00,75509.365,75524.295,75293.15,75307.92499999999
2023-06-21 07:00:00+00:00,75316.94,75435.48,75169.58499999999,75331.67499999999
2023-06-21 07:30:00+00:00,75334.13,75530.67,75286.73000000001,75504.29000000001
2023-06-21 08:00:00+00:00,75500.06,75668.075,75469.64,75591.86
2023-06-21 08:30:00+00:00,75596.65,75653.045,75560.44,75612.51
2023-06-21 09:00:00+00:00,75614.87,75668.015,75600.55,75665.495
2023-06-21 09:30:00+00:00,75668.105,75775.4,75660.04,75746.31
2023-06-21 10:00:00+00:00,75746.3,75769.77,75723.81,75758.54000000001
2023-06-21 10:30:00+00:00,75762.07,75778.505,75624.26,75631.95
2023-06-21 11:00:00+00:00,75624.56,75633.015,75535.06,75561.58
2023-06-21 11:30:00+00:00,75563.06,75597.99,75532.685,75533.41500000001
2023-06-21 12:00:00+00:00,75533.77,75537.71,75433.86,75433.88
2023-06-21 12:30:00+00:00,75430.76,75458.755,75345.93,75351.09
2023-06-21 13:00:00+00:00,75353.57500000001,75409.98,75323.27,75402.13
2023-06-21 13:30:00+00:00,75400.47,75537.1,75366.73,75494.93
2023-06-21 14:00:00+00:00,75492.59,75597.44,75457.785,75582.54000000001
2023-06-21 14:30:00+00:00,75583.56,75668.0,75529.195,75661.63
2023-06-21 15:00:00+00:00,75664.22,75682.97,75525.05,75612.91
2023-06-21 15:30:00+00:00,75617.34,75644.265,75559.865,75574.555
2023-06-21 16:00:00+00:00,75571.905,75619.275,75561.705,75616.3
2023-06-21 16:30:00+00:00,75617.55,75624.195,75549.66,75561.38
2023-06-21 17:00:00+00:00,75563.38500000001,75564.44,75474.63,75485.07
2023-06-21 17:30:00+00:00,75486.36499999999,75547.25,75480.09,75547.25
2023-06-21 18:00:00+00:00,75548.79000000001,75587.955,75536.58499999999,75572.17000000001
2023-06-21 18:30:00+00:00,75573.15,75589.8,75549.85,75577.255
2023-06-21 19:00:00+00:00,75575.98999999999,75580.015,75511.04000000001,75525.26999999999
2023-06-21 19:30:00+00:00,75525.9,75530.435,75415.01500000001,75417.035
2023-06-21 20:00:00+00:00,75424.405,75472.83499999999,75396.35500000001,75438.98000000001
2023-06-21 22:00:00+00:00,75401.94,75483.015,75397.985,75420.175
2023-06-21 22:30:00+00:00,75420.195,75442.535,75411.05,75433.67
2023-06-21 23:00:00+00:00,75435.935,75483.195,75435.935,75465.295
2023-06-21 23:30:00+00:00,75466.11499999999,75479.03,75440.65,75454.42000000001
2023-06-22 00:00:00+00:00,75420.265,75436.045,75386.9,75416.08
2023-06-22 00:30:00+00:00,75415.625,75415.625,75354.685,75379.66
2023-06-22 01:00:00+00:00,75377.33,75377.33,75287.67,75297.11
2023-06-22 01:30:00+00:00,75295.195,75295.195,75216.405,75220.48999999999
2023-06-22 02:00:00+00:00,75219.705,75220.035,75126.91500000001,75141.5
2023-06-22 02:30:00+00:00,75136.7,75151.36,75112.07,75143.19
2023-06-22 03:00:00+00:00,75141.58,75156.41500000001,75111.825,75121.61499999999
2023-06-22 03:30:00+00:00,75122.16,75201.275,75121.45499999999,75156.98
2023-06-22 04:00:00+00:00,75151.82,75152.595,75092.035,75097.815
2023-06-22 04:30:00+00:00,75095.895,75132.25,75070.09,75077.91
2023-06-22 05:00:00+00:00,75078.73,75079.655,75000.14,75037.755
2023-06-22 05:30:00+00:00,75035.23000000001,75067.68,75019.70999999999,75060.2
2023-06-22 06:00:00+00:00,75062.515,75099.99,74883.775,74911.20999999999
2023-06-22 06:30:00+00:00,74908.435,74984.5,74859.035,74981.515
2023-06-22 07:00:00+00:00,74977.75,75000.83,74512.97,74539.79000000001
2023-06-22 07:30:00+00:00,74543.0,74653.12,74504.95499999999,74630.18
2023-06-22 08:00:00+00:00,74637.85,74951.145,74610.16500000001,74933.29000000001
2023-06-22 08:30:00+00:00,74935.06,75019.97,74898.12,74943.86
2023-06-22 09:00:00+00:00,74945.04000000001,75032.955,74937.3,74942.65
2023-06-22 09:30:00+00:00,74937.86,75023.105,74913.27,74918.52
2023-06-22 10:00:00+00:00,74918.29999999999,75010.78,74901.94,74982.45
2023-06-22 10:30:00+00:00,74981.15,74981.15,74877.56,74890.285
2023-06-22 11:00:00+00:00,74887.81,74887.81,74668.2,74715.74
2023-06-22 11:30:00+00:00,74715.72,74768.385,74656.12,74768.385
2023-06-22 12:00:00+00:00,74770.79999999999,74852.7,74740.305,74740.305
2023-06-22 12:30:00+00:00,74735.255,74956.55,74735.255,74930.07
2023-06-22 13:00:00+00:00,74924.19,75016.5,74882.41,74943.72
2023-06-22 13:30:00+00:00,74945.82,74980.71,74846.38500000001,74855.8
2023-06-22 14:00:00+00:00,74860.81,74961.34,74859.57,74925.45000000001
2023-06-22 14:30:00+00:00,74925.245,74979.195,74885.355,74931.065
2023-06-22 15:00:00+00:00,74928.58,74971.87,74846.505,74943.59
2023-06-22 15:30:00+00:00,74934.13,75103.235,74934.13,75089.8
2023-06-22 16:00:00+00:00,75087.48999999999,75124.67499999999,75050.405,75121.935
2023-06-22 16:30:00+00:00,75124.75,75147.495,75102.56,75139.51999999999
2023-06-22 17:00:00+00:00,75141.55,75142.13,75080.44,75112.64
2023-06-22 17:30:00+00:00,75115.125,75152.57500000001,75090.555,75152.42499999999
2023-06-22 18:00:00+00:00,75157.4,75174.70499999999,75122.88,75169.97
2023-06-22 18:30:00+00:00,75171.935,75194.20999999999,75138.015,75160.42000000001
2023-06-22 19:00:00+00:00,75163.215,75175.275,75098.12,75098.12
2023-06-22 19:30:00+00:00,75093.15,75158.06,75079.06,75146.23000000001
2023-06-22 20:00:00+00:00,75145.825,75179.425,75094.33,75115.78
2023-06-22 22:00:00+00:00,75169.05,75170.22,75129.195,75162.035
2023-06-22 22:30:00+00:00,75161.065,75162.505,75148.72,75153.435
2023-06-22 23:00:00+00:00,75154.38,75171.045,75143.595,75158.54999999999
2023-06-22 23:30:00+00:00,75156.51,75167.23999999999,75130.025,75130.025
2023-06-23 00:00:00+00:00,75120.63500000001,75148.505,75085.095,75085.995
2023-06-23 00:30:00+00:00,75088.92,75109.465,75063.515,75086.29500000001
2023-06-23 01:00:00+00:00,75086.305,75086.64,75026.395,75034.62
2023-06-23 01:30:00+00:00,75034.645,75034.645,74907.685,74956.83
2023-06-23 02:00:00+00:00,74957.4,74962.735,74895.725,74902.985
2023-06-23 02:30:00+00:00,74901.94,74903.41,74847.815,74866.31
2023-06-23 03:00:00+00:00,74866.065,74878.555,74847.91500000001,74874.33499999999
2023-06-23 03:30:00+00:00,74873.57500000001,74880.91500000001,74805.60999999999,74826.445
2023-06-23 04:00:00+00:00,74827.0,74829.275,74741.675,74742.17000000001
2023-06-23 04:30:00+00:00,74744.69,74784.60500000001,74744.315,74749.58
2023-06-23 05:00:00+00:00,74748.76000000001,74774.54000000001,74707.13,74707.545
2023-06-23 05:30:00+00:00,74709.42000000001,74822.935,74702.565,74811.58499999999
2023-06-23 06:00:00+00:00,74814.605,74830.045,74712.33,74757.99
2023-06-23 06:30:00+00:00,74755.63,74798.015,74701.28,74730.735
2023-06-23 07:00:00+00:00,74738.37,74881.67,74642.26,74702.01999999999
2023-06-23 07:30:00+00:00,74694.52,74703.045,74455.015,74617.38
2023-06-23 08:00:00+00:00,74663.195,74832.16,74652.04,74813.65
2023-06-23 08:30:00+00:00,74808.72,74932.07,74808.72,74882.79
2023-06-23 09:00:00+00:00,74878.87,74947.24,74837.955,74847.26
2023-06-23 09:30:00+00:00,74872.99,74911.98,74811.08,74901.98
2023-06-23 10:00:00+00:00,74898.35,74938.015,74819.11499999999,74917.07
2023-06-23 10:30:00+00:00,74913.23,74923.03,74734.09,74736.56
2023-06-23 11:00:00+00:00,74734.13,74867.16,74724.42,74841.83
2023-06-23 11:30:00+00:00,74840.99,74867.19,74772.52,74773.86
2023-06-23 12:00:00+00:00,74782.99,74784.01,74635.95,74650.78
2023-06-23 12:30:00+00:00,74645.79,74651.95,74466.05,74488.33
2023-06-23 13:00:00+00:00,74488.49,74527.1,74408.47,74461.74
2023-06-23 13:30:00+00:00,74466.77,74617.99,74392.38,74582.1
2023-06-23 14:00:00+00:00,74582.1,74802.92499999999,74582.1,74787.725
2023-06-23 14:30:00+00:00,74782.91500000001,74850.465,74768.63500000001,74768.79999999999
2023-06-23 15:00:00+00:00,74771.46,74790.135,74577.75,74594.77
2023-06-23 15:30:00+00:00,74597.42,74725.755,74597.42,74723.205
2023-06-23 16:00:00+00:00,74724.515,74770.51999999999,74701.03,74753.295
2023-06-23 16:30:00+00:00,74754.425,74774.37,74723.64,74750.70999999999
2023-06-23 17:00:00+00:00,74749.66500000001,74750.66500000001,74698.68,74705.95999999999
2023-06-23 17:30:00+00:00,74707.195,74726.20000000001,74688.95000000001,74703.81
2023-06-23 18:00:00+00:00,74702.79000000001,74706.82,74659.38500000001,74664.36
2023-06-23 18:30:00+00:00,74661.71,74669.445,74550.04000000001,74550.04000000001
2023-06-23 19:00:00+00:00,74547.78,74597.26999999999,74520.26999999999,74557.45999999999
2023-06-23 19:30:00+00:00,74556.125,74595.155,74517.78,74590.08
2023-06-23 20:00:00+00:00,74542.97,74542.97,74542.97,74542.97
2023-06-26 00:00:00+00:00,74701.17000000001,74732.985,74642.41,74697.39499999999
2023-06-26 00:30:00+00:00,74697.85,74706.09,74665.84,74697.685
2023-06-26 01:00:00+00:00,74697.57,74730.175,74655.39499999999,74725.345
2023-06-26 01:30:00+00:00,74726.27,74768.33499999999,74690.63,74693.175
2023-06-26 02:00:00+00:00,74692.17499999999,74708.455,74680.41,74693.08499999999
2023-06-26 02:30:00+00:00,74694.63,74713.535,74680.93,74688.32
2023-06-26 03:00:00+00:00,74688.11499999999,74741.075,74683.225,74726.015
2023-06-26 03:30:00+00:00,74727.12,74741.475,74707.88,74726.08
2023-06-26 04:00:00+00:00,74724.625,74742.345,74709.09,74711.41
2023-06-26 04:30:00+00:00,74711.58499999999,74724.33499999999,74673.67499999999,74687.28
2023-06-26 05:00:00+00:00,74688.41500000001,74691.57,74614.34,74634.23999999999
2023-06-26 05:30:00+00:00,74635.475,74652.06,74612.15,74612.715
2023-06-26 06:00:00+00:00,74609.65,74692.11,74603.16500000001,74692.11
2023-06-26 06:30:00+00:00,74702.91,74770.12,74702.91,74737.925
2023-06-26 07:00:00+00:00,74735.045,74749.95499999999,74287.525,74323.15
2023-06-26 07:30:00+00:00,74325.505,74432.39499999999,74162.51,74387.88
2023-06-26 08:00:00+00:00,74366.61,74406.51999999999,74094.74,74109.48
2023-06-26 08:30:00+00:00,74106.92,74340.57,73996.25,74083.8
2023-06-26 09:00:00+00:00,74082.75,74269.13,74081.07,74221.92
2023-06-26 09:30:00+00:00,74221.45,74426.83,74221.45,74417.98
2023-06-26 10:00:00+00:00,74419.99,74451.89,74351.06,74375.97
2023-06-26 10:30:00+00:00,74378.92,74509.94,74336.62,74498.065
2023-06-26 11:00:00+00:00,74495.7,74630.065,74479.695,74627.76000000001
2023-06-26 11:30:00+00:00,74625.245,74653.95999999999,74589.7,74597.785
2023-06-26 12:00:00+00:00,74595.48000000001,74633.045,74555.74,74628.105
2023-06-26 12:30:00+00:00,74625.03,74678.535,74543.06,74562.865
2023-06-26 13:00:00+00:00,74560.41500000001,74584.405,74503.13500000001,74527.985
2023-06-26 13:30:00+00:00,74532.58499999999,74722.925,74522.48,74623.06
2023-06-26 14:00:00+00:00,74625.0,74673.03,74527.88,74580.0
2023-06-26 14:30:00+00:00,74583.12,74605.715,74507.85,74600.76000000001
2023-06-26 15:00:00+00:00,74598.39499999999,74620.97,74494.51000000001,74504.53
2023-06-26 15:30:00+00:00,74499.54500000001,74629.955,74499.54500000001,74608.535
2023-06-26 16:00:00+00:00,74608.395,74648.03,74557.125,74628.615
2023-06-26 16:30:00+00:00,74638.77,74660.10500000001,74589.215,74643.92
2023-06-26 17:00:00+00:00,74640.48999999999,74695.45999999999,74623.94,74670.89000000001
2023-06-26 17:30:00+00:00,74673.56,74698.06,74643.91,74678.89
2023-06-26 18:00:00+00:00,74673.99,74693.045,74617.215,74634.48
2023-06-26 18:30:00+00:00,74639.99,74713.06,74626.95000000001,74686.95
2023-06-26 19:00:00+00:00,74671.755,74705.12,74654.16500000001,74691.42
2023-06-26 19:30:00+00:00,74696.86,74713.045,74600.20000000001,74647.38
2023-06-26 20:00:00+00:00,74651.0,74726.54000000001,74648.67499999999,74694.20999999999
2023-06-26 22:00:00+00:00,74718.03,74721.42,74665.445,74669.775
2023-06-26 22:30:00+00:00,74672.32,74707.38500000001,74657.185,74707.38500000001
2023-06-26 23:00:00+00:00,74704.38,74741.98000000001,74703.195,74732.33499999999
2023-06-26 23:30:00+00:00,74734.66,74758.695,74731.06,74744.19
2023-06-27 00:00:00+00:00,74720.685,74748.22,74686.41,74691.68
2023-06-27 00:30:00+00:00,74692.015,74696.495,74661.395,74672.045
2023-06-27 01:00:00+00:00,74672.29500000001,74694.64,74649.0,74679.535
2023-06-27 01:30:00+00:00,74679.6,74781.67,74663.92499999999,74776.56
2023-06-27 02:00:00+00:00,74776.54000000001,74787.015,74749.34,74758.985
2023-06-27 02:30:00+00:00,74760.455,74767.13500000001,74736.08,74749.43
2023-06-27 03:00:00+00:00,74749.155,74779.195,74747.375,74759.08
2023-06-27 03:30:00+00:00,74759.45,74774.68,74739.65,74744.525
2023-06-27 04:00:00+00:00,74744.29000000001,74772.63500000001,74736.32,74769.61
2023-06-27 04:30:00+00:00,74769.59,74772.27,74751.41500000001,74767.27
2023-06-27 05:00:00+00:00,74767.19,74802.36,74754.60500000001,74799.645
2023-06-27 05:30:00+00:00,74805.10500000001,74855.655,74783.72,74832.01000000001
2023-06-27 06:00:00+00:00,74829.61499999999,74988.09,74827.27,74876.77
2023-06-27 06:30:00+00:00,74887.02,74927.97,74847.475,74847.475
2023-06-27 07:00:00+00:00,74852.54,74990.16500000001,74709.715,74763.13
2023-06-27 07:30:00+00:00,74765.67499999999,74768.0,74572.54999999999,74635.43
2023-06-27 08:00:00+00:00,74637.98499999999,74707.88,74602.185,74677.29
2023-06-27 08:30:00+00:00,74682.91,74684.07,74543.49,74584.1
2023-06-27 09:00:00+00:00,74587.16,74587.16,74491.73,74555.91
2023-06-27 09:30:00+00:00,74562.88,74562.88,74480.32,74493.74
2023-06-27 10:00:00+00:00,74491.32,74595.0,74486.28,74570.23
2023-06-27 10:30:00+00:00,74575.25,74592.07,74497.85,74541.48
2023-06-27 11:00:00+00:00,74543.74,74549.985,74425.65,74448.34
2023-06-27 11:30:00+00:00,74448.49,74468.195,74277.7,74326.16
2023-06-27 12:00:00+00:00,74329.57,74382.16,74305.8,74359.12
2023-06-27 12:30:00+00:00,74361.3,74438.15,74361.3,74393.52
2023-06-27 13:00:00+00:00,74396.09,74517.1,74376.22,74500.65
2023-06-27 13:30:00+00:00,74498.24,74522.99,74383.11,74390.03
2023-06-27 14:00:00+00:00,74387.74,74547.16,74356.62,74536.61
2023-06-27 14:30:00+00:00,74541.56,74639.07,74521.72,74617.235
2023-06-27 15:00:00+00:00,74612.305,74673.84,74573.44,74658.45000000001
2023-06-27 15:30:00+00:00,74658.525,74703.195,74629.26,74677.99
2023-06-27 16:00:00+00:00,74672.61,74703.92,74626.24,74661.74
2023-06-27 16:30:00+00:00,74664.015,74727.16,74653.54,74706.98
2023-06-27 17:00:00+00:00,74712.13,74797.99,74695.56,74783.89
2023-06-27 17:30:00+00:00,74786.10500000001,74837.16,74784.88,74834.29000000001
2023-06-27 18:00:00+00:00,74836.92,74857.01,74814.65,74848.95
2023-06-27 18:30:00+00:00,74849.44,74884.16,74829.76,74844.1
2023-06-27 19:00:00+00:00,74844.56,74897.99,74844.56,74881.86
2023-06-27 19:30:00+00:00,74882.075,74911.95,74819.96,74830.98000000001
2023-06-27 20:00:00+00:00,74829.94,74843.045,74773.605,74798.67499999999
2023-06-27 22:00:00+00:00,74769.245,74786.505,74745.005,74752.45000000001
2023-06-27 22:30:00+00:00,74750.115,74757.84,74723.075,74727.73999999999
2023-06-27 23:00:00+00:00,74726.705,74735.655,74709.03,74734.525
2023-06-27 23:30:00+00:00,74732.38,74760.815,74726.31,74735.47
2023-06-28 00:00:00+00:00,74737.83,74876.91,74736.81,74777.20999999999
2023-06-28 00:30:00+00:00,74777.17499999999,74787.705,74750.095,74786.86
2023-06-28 01:00:00+00:00,74786.91,74819.56,74732.565,74747.745
2023-06-28 01:30:00+00:00,74747.96,74807.475,74747.96,74765.14
2023-06-28 02:00:00+00:00,74764.38,74777.705,74742.35,74760.31
2023-06-28 02:30:00+00:00,74760.83499999999,74837.77,74759.70000000001,74807.525
2023-06-28 03:00:00+00:00,74807.29000000001,74829.975,74795.06,74807.38
2023-06-28 03:30:00+00:00,74807.38500000001,74850.27,74796.005,74847.7
2023-06-28 04:00:00+00:00,74846.655,74847.94,74792.03,74792.925
2023-06-28 04:30:00+00:00,74794.45499999999,74808.265,74778.29999999999,74793.425
2023-06-28 05:00:00+00:00,74794.29000000001,74870.57500000001,74790.75,74852.765
2023-06-28 05:30:00+00:00,74854.145,74898.815,74832.89499999999,74897.64499999999
2023-06-28 06:00:00+00:00,74898.89,74937.66500000001,74865.57999999999,74868.1
2023-06-28 06:30:00+00:00,74869.23000000001,74896.8,74833.645,74859.255
2023-06-28 07:00:00+00:00,74857.06,74923.18,74764.92,74854.18
2023-06-28 07:30:00+00:00,74856.86,74943.92,74811.55,74825.75
2023-06-28 08:00:00+00:00,74828.01000000001,75033.77,74819.72,74994.67
2023-06-28 08:30:00+00:00,74993.32,75008.16500000001,74865.36,74922.13
2023-06-28 09:00:00+00:00,74918.6,75033.03,74897.06,75013.33
2023-06-28 09:30:00+00:00,75013.28,75057.01,74981.95,75046.435
2023-06-28 10:00:00+00:00,75049.11,75166.95,75039.42,75161.94
2023-06-28 10:30:00+00:00,75159.35,75179.16,75064.84,75139.13
2023-06-28 11:00:00+00:00,75144.07,75173.03,75100.02,75126.8
2023-06-28 11:30:00+00:00,75121.275,75164.94,75066.12,75073.92
2023-06-28 12:00:00+00:00,75074.16,75148.07500000001,75064.5,75123.86
2023-06-28 12:30:00+00:00,75126.77,75193.06,75092.72,75097.13
2023-06-28 13:00:00+00:00,75095.31,75143.45999999999,75049.44,75101.89
2023-06-28 13:30:00+00:00,75098.67,75107.91,74926.3,75012.16
2023-06-28 14:00:00+00:00,75006.92,75074.01,74960.17,75011.78
2023-06-28 14:30:00+00:00,75014.35,75085.15,74984.31,75001.84
2023-06-28 15:00:00+00:00,75003.95000000001,75076.97,74997.255,75032.99
2023-06-28 15:30:00+00:00,75031.6,75073.0,74958.475,75013.78
2023-06-28 16:00:00+00:00,75012.44,75083.57,74976.56,75078.66500000001
2023-06-28 16:30:00+00:00,75081.29000000001,75081.38500000001,74917.54999999999,74930.94
2023-06-28 17:00:00+00:00,74928.34,75012.095,74920.515,75012.01999999999
2023-06-28 17:30:00+00:00,75013.82500000001,75022.41,74982.25,74999.815
2023-06-28 18:00:00+00:00,75000.94,75046.94,74989.44,75029.69
2023-06-28 18:30:00+00:00,75027.93,75037.055,75001.905,75016.47
2023-06-28 19:00:00+00:00,75021.5,75027.1,74981.81,75022.15
2023-06-28 19:30:00+00:00,75011.805,75011.82500000001,74972.01000000001,74991.91500000001
2023-06-28 20:00:00+00:00,75028.545,75103.985,74990.655,75064.715
2023-06-28 22:00:00+00:00,75047.86,75148.76000000001,75029.20000000001,75143.85
2023-06-28 22:30:00+00:00,75146.01000000001,75148.01000000001,75101.955,75122.66500000001
2023-06-28 23:00:00+00:00,75121.81,75131.12,75101.765,75114.205
2023-06-28 23:30:00+00:00,75112.265,75114.16,75079.09,75079.09
2023-06-29 00:00:00+00:00,75129.97,75159.82,75053.17,75148.55
2023-06-29 00:30:00+00:00,75140.255,75142.95499999999,75110.17,75125.245
2023-06-29 01:00:00+00:00,75125.36,75152.51,75122.89499999999,75132.865
2023-06-29 01:30:00+00:00,75130.015,75150.075,75079.875,75080.725
2023-06-29 02:00:00+00:00,75080.675,75103.14,75045.92000000001,75055.95000000001
2023-06-29 02:30:00+00:00,75056.295,75068.67,75019.435,75031.31
2023-06-29 03:00:00+00:00,75030.205,75039.025,75005.53,75026.215
2023-06-29 03:30:00+00:00,75025.17000000001,75031.41500000001,74980.695,75004.195
2023-06-29 04:00:00+00:00,75004.32,75041.12,75004.32,75026.505
2023-06-29 04:30:00+00:00,75026.16,75031.59,74986.545,74987.025
2023-06-29 05:00:00+00:00,74986.83499999999,75019.64499999999,74972.205,74982.715
2023-06-29 05:30:00+00:00,74981.025,75007.7,74932.475,75007.7
2023-06-29 06:00:00+00:00,75005.03,75007.41500000001,74966.65,74966.65
2023-06-29 06:30:00+00:00,74978.965,74979.07,74945.475,74965.15
2023-06-29 07:00:00+00:00,74959.865,75027.07,74787.805,74847.79000000001
2023-06-29 07:30:00+00:00,74851.97,74902.06,74792.555,74818.12
2023-06-29 08:00:00+00:00,74822.94,74982.305,74802.91,74860.09
2023-06-29 08:30:00+00:00,74853.0,74947.44,74853.0,74920.48
2023-06-29 09:00:00+00:00,74922.65,74927.91,74782.63500000001,74843.075
2023-06-29 09:30:00+00:00,74847.16500000001,74881.84,74823.22,74823.22
2023-06-29 10:00:00+00:00,74823.98,74891.86,74799.54,74859.18
2023-06-29 10:30:00+00:00,74859.73,74873.83,74807.82,74869.66
2023-06-29 11:00:00+00:00,74867.52,74878.845,74819.695,74858.9
2023-06-29 11:30:00+00:00,74859.04,74871.28,74758.62,74772.0
2023-06-29 12:00:00+00:00,74769.025,74797.905,74712.94,74720.12
2023-06-29 12:30:00+00:00,74733.565,74802.57,74647.175,74704.04999999999
2023-06-29 13:00:00+00:00,74699.24,74702.24,74608.12,74610.06
2023-06-29 13:30:00+00:00,74612.97,74767.01,74588.045,74734.99
2023-06-29 14:00:00+00:00,74730.35,74793.98,74662.14,74791.44
2023-06-29 14:30:00+00:00,74791.95,74847.1,74746.03,74752.205
2023-06-29 15:00:00+00:00,74749.68,74787.18,74722.45000000001,74726.84
2023-06-29 15:30:00+00:00,74727.0,74771.6,74706.905,74741.5
2023-06-29 16:00:00+00:00,74745.33499999999,74783.535,74728.35,74782.925
2023-06-29 16:30:00+00:00,74782.88,74807.89000000001,74738.79000000001,74753.84
2023-06-29 17:00:00+00:00,74751.805,74772.185,74723.935,74772.185
2023-06-29 17:30:00+00:00,74777.11,74828.04999999999,74741.305,74803.94
2023-06-29 18:00:00+00:00,74806.525,74853.08499999999,74769.57,74841.485
2023-06-29 18:30:00+00:00,74848.58,74853.875,74808.91,74848.955
2023-06-29 19:00:00+00:00,74856.505,74878.705,74848.67,74878.555
2023-06-29 19:30:00+00:00,74881.47,74891.695,74834.975,74844.845
2023-06-29 20:00:00+00:00,74888.22,74911.675,74869.76,74895.365
2023-06-29 22:00:00+00:00,74872.34,74889.885,74852.59,74882.195
2023-06-29 22:30:00+00:00,74884.28,74886.19,74865.41,74878.365
2023-06-29 23:00:00+00:00,74879.31,74899.82,74873.42,74886.205
2023-06-29 23:30:00+00:00,74884.195,74919.515,74881.045,74887.015
2023-06-30 00:00:00+00:00,74917.495,74927.97,74785.625,74805.075
2023-06-30 00:30:00+00:00,74805.41,74825.85,74770.015,74793.33499999999
2023-06-30 01:00:00+00:00,74793.925,74880.865,74788.33499999999,74873.06
2023-06-30 01:30:00+00:00,74872.435,74915.94,74848.28,74903.05
2023-06-30 02:00:00+00:00,74902.88,74950.875,74893.07,74918.075
2023-06-30 02:30:00+00:00,74920.105,74930.645,74914.905,74915.5
2023-06-30 03:00:00+00:00,74915.615,74929.15,74913.015,74925.45999999999
2023-06-30 03:30:00+00:00,74925.06,74928.58,74848.86499999999,74871.26999999999
2023-06-30 04:00:00+00:00,74871.16,74883.045,74863.275,74878.79999999999
2023-06-30 04:30:00+00:00,74880.765,74892.495,74873.41500000001,74883.875
2023-06-30 05:00:00+00:00,74884.41500000001,74940.84,74883.72,74930.77
2023-06-30 05:30:00+00:00,74931.545,74970.6,74918.63500000001,74943.735
2023-06-30 06:00:00+00:00,74945.045,74997.42499999999,74942.465,74958.67
2023-06-30 06:30:00+00:00,74972.895,74981.495,74925.055,74925.08499999999
2023-06-30 07:00:00+00:00,74923.61,74976.66,74833.18,74835.075
2023-06-30 07:30:00+00:00,74843.01500000001,75003.105,74803.06,74998.16500000001
2023-06-30 08:00:00+00:00,75016.83,75092.13,75002.01,75051.86
2023-06-30 08:30:00+00:00,75047.22,75125.15,75042.06,75085.765
2023-06-30 09:00:00+00:00,75093.35,75209.16,75079.185,75195.105
2023-06-30 09:30:00+00:00,75192.91,75293.075,75167.53,75234.01
2023-06-30 10:00:00+00:00,75234.91,75277.13,75207.63,75251.8
2023-06-30 10:30:00+00:00,75252.895,75293.16500000001,75231.14,75271.86499999999
2023-06-30 11:00:00+00:00,75269.32,75282.16,75213.58,75256.83
2023-06-30 11:30:00+00:00,75249.75,75282.88,75213.3,75257.13
2023-06-30 12:00:00+00:00,75251.97,75328.16500000001,75239.78,75307.1
2023-06-30 12:30:00+00:00,75303.23,75405.105,75303.23,75358.18
2023-06-30 13:00:00+00:00,75361.37,75457.1,75361.37,75395.78
2023-06-30 13:30:00+00:00,75398.55,75478.20999999999,75372.7,75438.86
2023-06-30 14:00:00+00:00,75442.99,75530.09,75423.51,75432.13
2023-06-30 14:30:00+00:00,75433.15,75433.74,75336.33,75403.88
2023-06-30 15:00:00+00:00,75405.94,75447.955,75331.62,75331.62
2023-06-30 15:30:00+00:00,75333.06,75397.95499999999,75256.765,75387.95000000001
2023-06-30 16:00:00+00:00,75397.22,75428.03,75351.63,75428.03
2023-06-30 16:30:00+00:00,75427.83499999999,75437.78,75406.05,75406.05
2023-06-30 17:00:00+00:00,75411.705,75422.08499999999,75391.75,75405.235
2023-06-30 17:30:00+00:00,75411.54999999999,75421.60500000001,75398.12,75411.725
2023-06-30 18:00:00+00:00,75426.66,75436.795,75421.57,75436.735
2023-06-30 18:30:00+00:00,75462.185,75506.29000000001,75462.185,75496.41500000001
2023-06-30 19:00:00+00:00,75501.625,75527.98999999999,75478.675,75517.72
2023-06-30 19:30:00+00:00,75515.455,75517.6,75448.675,75502.445
2023-06-30 20:00:00+00:00,75519.97,75519.97,75519.97,75519.97
